index_0,index_1,index_2,index_3,index_4,index_5,index_6,index_7,index_8,index_9,index_10,index_11,index_12,index_13,index_14,index_15,index_16,index_17,index_18,index_19,index_20,index_21,index_22,index_23,index_24,index_25,index_26,index_27,index_28,index_29,index_30,index_31,index_32,index_33,index_34,index_35,index_36,index_37,index_38,index_39,index_40,index_41,index_42,index_43,index_44,index_45,index_46,index_47,index_48,index_49,index_50,index_51,index_52,index_53,index_54,index_55,index_56,index_57,index_58,index_59,index_60,index_61,index_62,index_63,index_64,index_65,index_66,index_67,index_68,index_69,index_70,index_71,index_72,index_73,index_74,index_75,index_76,index_77,index_78,index_79,index_80,index_81,index_82,index_83,index_84,index_85,index_86,index_87,index_88,index_89,index_90,index_91,index_92,index_93,index_94,index_95,index_96,index_97,index_98,index_99
8.040732741727496,6.633982741727479,5.947482741727498,6.262482741727496,8.817732741727497,8.346232741727476,7.1754827417274925,3.9539827417274864,0.6837327417274892,-1.8597672582725195,-4.754517258272507,-1.2003795927878045,-1.9136742034752032,-3.197937607660819,-1.4009978665183311,-1.3017214645642525,-1.1917428788092224,3.035136225893254,5.881869366256716,9.132197231456793,7.824912131235948,7.995961397149017,8.110613576352783,7.624848174600906,7.404003342212192,6.0874297282095,5.330523280531928,5.875774746000474,7.408543720671645,7.706959969066155,5.893353414825391,5.484821868795535,3.1560745046677496,1.4068382990544706,-2.279522650570435,1.2578717457455966,3.9133082532433363,4.621537709074246,3.1189672939422692,4.886706685765475,6.303092086373674,9.665767665217814,12.988564157191654,12.78326788644452,13.837201098792512,13.288081828766423,13.286749588720085,11.623628410294927,10.920839303962119,10.286187964155559,11.00001396086602,10.741395199486306,10.698807935922979,10.383719808371218,9.800245986577188,8.248735132145839,6.970132663854571,6.0392941370676,5.4535989537327865,13.791434341994531,6.616016001982331,6.198526052990708,6.03408023889687,5.786683244236265,4.6155038416639655,3.340143621225458,3.7901815265309295,5.140747392868448,6.421974658359076,7.7342102716797285,7.929155373305555,8.208870621478333,8.428459156669838,8.168565541770462,8.025064432123393,7.823703153049216,7.868551638045389,7.831545202549201,6.96638678930001,5.753206753558345,5.737049206387148,6.188567479449567,5.4657741049823585,7.057597461614442,4.9285889507097735,4.430625605969951,3.39610304393819,2.535465550828576,0.9587252501844361,-1.006254521043644,-1.03128186897748,-0.7840564047016159,1.6898639775853184,3.5643497048459665,4.494985467752272,4.572617118251436,3.773369751628209,3.3141682487070128,3.3187728216906507,3.72686809130051
9.906697425607227,8.539697425607223,8.038447425607224,8.625447425607227,10.731947425607224,10.805697425607228,8.134197425607226,4.3531974256072274,1.7026974256072265,-0.8975525743927761,-4.4890525743927725,0.01349282303436894,2.5293391684553868,1.6685342334933893,1.8724880141277254,3.1626196203528423,4.991372393338189,7.77341956710805,11.911152683722271,13.089943469304842,13.797801227684666,14.418538064608882,14.43410421147906,14.395619673506658,14.785470680967059,14.026815844414585,13.898736889558784,12.721437844034128,13.696529818601377,13.194967762115624,12.73837773565382,11.071282228747862,9.763449012769058,8.192694015276423,6.636889056773171,1.0840487053681827,-1.0144669839438265,-1.6453043122247664,-1.605437982001014,-1.201555671552157,-1.2035678016264342,-1.7685955597891194,-0.890931864026804,-0.002832615564528851,0.7190291251362382,1.1072727152503603,1.5165196772679224,1.7071375710962329,1.6759415000305111,1.4128375792623231,0.8851028487261914,0.6998642766438508,1.138754194688147,1.2165212180958562,1.020483013585448,0.5409801272993207,0.2205160090064311,0.08710234954707374,0.17058737482481234,-1.6959281223072367,-1.7841203873700309,-2.1298073073930865,-2.455819468543311,-2.638117715188102,-2.9186979524027237,-3.582915074410998,-4.650908331585029,-4.702680418980691,-4.161174129417574,-3.470885962667147,-3.062522592491611,-2.142093127314361,-2.1013882625949662,-1.8763670308456497,-1.492002232376926,-1.8705019032865735,-2.11469495720479,-2.168507467431624,-2.1906315494582316,-1.7944667308419042,-1.6418160260007397,-1.2987961562085815,-0.9128631150101754,-2.2420085502101657,-1.4793788290795788,-2.166156774063147,-2.2884934737774856,-2.281473701977127,-2.7506710728974895,-4.183272145718028,-4.221642706794825,-3.403262940370894,-1.8983548417809644,-0.6998057028730713,0.25874412837769967,0.9634171974096546,0.6809660627303913,0.07869875109947344,-0.007247810735819371,0.40822408156122947
-0.1659081287844657,-0.7553264980910441,-0.3568847422204371,0.9671420201088594,2.6762612670339863,2.6361745186287493,1.4450018154212643,0.5098901279914898,0.4432171106246727,0.06610182538925358,-0.41900017995267547,-8.816063111391003,-5.788519560116185,-5.871984257744479,-6.409979290374764,-5.551891592902841,-5.171710444909699,-5.852733654531718,-5.719624985806348,-5.1094693527909385,-3.7979693159530896,-3.3100840711026365,-3.202587438574348,-0.7751947970498136,-1.3593523651915973,-2.2553484333545057,-3.2699627634600787,-0.8457746324493769,-0.06013154431522594,-0.6107044283020713,-1.0614130257629881,-1.01305707208099,-1.6541299199435358,-1.5770528965779889,-4.303595510410581,-8.90326685543996,-5.3733549082381415,-7.162549803948465,-6.142564551908073,-5.692573731420502,-5.207580287666822,-3.1161983225114156,-0.6370425624373794,0.4255649241585502,0.8720341315560987,2.1682617570595255,3.901132284310279,4.709931060848454,4.020522077735528,2.732998561712492,2.798424914916829,3.0498995118082775,4.317471475072345,4.301500873352104,3.333449887140013,1.4390083582002546,0.13196626346464058,-0.9639605809456384,-3.285689430003856,-5.844114457943931,-6.5647001271508,-6.407831882986315,-6.623951267752297,-6.944290229553438,-6.2950811934097,-6.449906493688758,-6.0425784559042555,-4.4069236508340595,-2.878289009136317,-1.4615620691918565,-0.8240802645333574,-0.9158343492328029,-1.6463567365016658,-2.257040699951851,-3.203189824252469,-2.553043361489152,-0.7702784183907525,0.22270716112607403,-0.6205843326258744,-1.8961602568072848,-3.4507648000759943,-4.497275377259953,-6.401991996880859,-4.8199258969973044,-5.984522415694805,-6.604790913089438,-6.277550052784363,-5.803718437086076,-6.625714577374126,-8.490328108730857,-8.78627202631499,-8.13832491351527,-7.073206076750921,-6.006927115250313,-4.937171323269013,-4.179701138399501,-3.993993135814506,-3.7514755094719163,-3.3243818758149715,-3.239530896976781
10.603683374992869,9.342235311821078,9.270433930650157,9.48858810601589,9.58809498355675,8.794235046379697,7.366279680960837,4.994707638853598,2.196253324582635,-0.5831423098095527,-3.796081941723557,-7.754956277309276,-10.698921069791218,-10.876589207086518,-10.319011424397743,-8.669306059843798,-8.349930412075395,-1.6049347707203268,1.600383682236746,7.185463004617709,7.230551207429876,7.883966491876393,7.6052840616776365,7.5380127039069365,7.189040931022397,6.293902014242306,5.553595440569907,5.791439647911375,6.465315510674614,6.160589262952172,4.7083253430375365,3.038959968605468,0.7352305990477674,-1.6856362978447592,-4.522081539104249,-6.623433266250636,-5.246904374427686,-6.043105129150803,-5.913595544224329,-4.834574921112832,-3.288874687289642,1.1992582271317715,4.99208574382714,8.014604140923531,8.957578746341362,8.730238035249634,8.716401770389965,7.3536823608344335,5.881251703967926,4.143790079417968,4.248743257326225,6.343302252377185,6.624783750976604,6.8346282134705945,5.09062202805336,2.9248546269448354,1.609784294037766,-0.49717426750066096,-3.0891274593703386,-8.267867813070467,-6.857355012287108,-8.139280531744497,-8.73848902219229,-8.08182022936817,-8.822337487104292,-9.809686297507902,-7.695782562169995,-5.282902228807636,-3.703281351896109,-0.13272139466402422,0.41409296063443435,0.6847940352831401,-0.20967358032435612,-0.8771287313533804,-0.5051259065041336,0.24613966881071292,1.5485184598903174,0.7584528279751339,-0.6215812671959924,-2.97832413176895,-4.47655706120009,-5.667983905493472,-7.6613094304146685,-10.60489325250601,-9.642350808748219,-11.04925555456915,-12.931125796753044,-12.280326095642003,-10.001937291119532,-10.959065952109526,-8.647209871702948,-6.397787298660909,-2.9746889517270887,-2.133941978151377,-1.2524395916184616,-0.5144970358101517,-1.0147446219316762,-1.6586537612540084,-1.7989393867211305,-0.9573168685006266
10.914884843794788,10.20152451485528,10.052661775002122,11.498286362540348,12.59727560367569,12.80338441048216,11.3748782359376,8.050485637247412,4.0339514537527705,1.413622539016309,-2.820476206134991,-10.91951664962388,-9.255350443034203,-10.243573493087467,-10.190333836153975,-9.2463434918957,-7.1044961940076305,-1.9122121763445747,2.521325209682921,4.192950993120299,4.310738449609744,5.40843476557432,5.820235597579057,5.946079027089134,5.532677127844622,4.543127739332519,4.079562304493599,4.531937391599463,5.612645431694787,5.215533427109612,3.3602233926521663,0.722384083345645,-1.007898717272731,-2.8923710028331016,-5.137614527066894,-8.051436852984637,-5.4040760728787305,-6.422847146716492,-6.242823718572794,-4.269883602973643,-2.994537857432583,-1.0211425441146744,0.0016885162577153778,2.04278570888885,1.6108974144269865,2.0287786770176766,1.4097146797926285,1.9547161245731957,0.9992788961446166,-0.07068994826216368,-1.5580550973992402,0.32534441670337344,1.0928345284190186,0.5784580402472415,-0.6248906051893854,-1.8465928068937743,-2.7455459510660774,-3.3808528718896866,-4.200464534881533,-2.4084330139966355,-2.373194486460932,-3.6282614363010097,-4.03420983771813,-3.4524448097251366,-3.417620557051279,-3.264558927283005,-1.4465635966359471,0.9250486143387491,3.5146052954560076,4.553592169968724,4.835810863226627,4.5485860081041665,3.4245309008218,2.6501605405923314,2.3812637575518707,4.3069115810089755,5.781529926043255,4.706644762165396,3.3119419614182988,1.6814173018386924,0.9468855694583667,0.5483027461198873,-0.12393265925646801,-4.1189705305358615,-4.68008500986749,-5.0416395024479925,-5.086520855108226,-5.931490720577571,-7.941091683161041,-11.862434309317038,-13.329340823948058,-12.698966049024136,-10.94960780554942,-9.409346647438653,-9.005506604962846,-8.754478664835219,-9.873954555771142,-9.555272367680296,-9.507810741750689,-7.4501771511486155
10.44841057794931,9.113330399689808,8.367552063164908,8.753202459829318,10.030204377348412,9.51373092796024,7.9142049492376785,4.121414129437753,1.4907235029792716,-1.005097225954195,-4.3956105284350215,-1.4577112958125227,-0.2467211546656074,-0.4346278733875266,-0.36254713907045044,-0.005280215388971499,0.8939609810458862,2.167017400055073,3.1420848897580242,3.9411022351938385,3.744507534115243,3.6399760365503084,3.2010729026207514,3.244800776521629,4.697213546672003,4.266961513239885,4.151154459237581,3.9325424012659624,3.932108716972323,4.3223954853252735,4.7279235920236715,4.482987177793362,3.1095759355666246,1.2303956490528947,-0.11823385019885535,-8.982495560820865,-6.398606049256969,-7.490905874464346,-7.263516800806933,-7.131822743074963,-5.715866454122093,-0.6046093915126534,4.367673298297596,5.686035341448992,5.863210984122638,6.007469989416009,5.689873666690154,5.4642289437821745,4.788584850696203,3.996218516561875,3.840919810699674,3.7814434811095907,3.457483898011006,1.9676499605680675,1.128468252395841,-0.8190112081535119,-3.067859088823681,-4.696367610557161,-6.835980306849407,-6.312187366044583,-1.8142307605716965,-2.1765293022830576,-2.652940037623978,-3.3329977078825763,-4.868099344379701,-6.603362204169059,-6.134114087001045,-5.751130992225583,-4.706535858595522,-3.6895456611632866,-3.3389789415932682,-3.270574206099191,-2.7565294601576866,-2.5275253575729337,-1.2848021497259339,-0.7460489105308952,0.1644141409097628,0.6597731957721962,0.5697231783116337,-0.42042792113443994,-1.3012213574547857,-1.452708588259732,-1.1874258916295233,-3.9528033255463413,-2.9834402461390894,-3.6131468219755405,-4.019782334600258,-4.94285791663269,-5.768401979194273,-6.466024505436366,-5.87857337330918,-5.171776544938545,-3.7304352891657757,-2.8520320200890623,-1.5467381177226187,-0.7997021368527015,-1.5434054768791654,-1.6904419886046682,-1.656076040655222,-1.5175613312828986
10.347602906212408,9.418357099524172,8.778427523995589,9.624775570966818,10.49116880124911,9.79241537256425,8.320499404066304,5.353831309116302,2.167923143390425,-0.6199849932283783,-3.26122887659929,-5.428421805309597,1.226730744713194,2.8066020842068724,-0.14660165447067897,0.9229812670435962,2.4037976402286247,4.235144499101459,6.092479846020538,7.357341039849345,6.887906224600769,7.793387828638188,7.439226601846798,8.211783089239042,8.289947745179859,8.071664976101644,7.859424140782416,8.338395737810266,8.205595710962378,7.658196669225987,6.485255132145227,5.866867585677959,4.916542144501058,3.9242523975134276,2.109875377195607,-4.0176923898031305,0.1325916453291498,-0.2146663672878404,-0.26035360395371754,0.018097093520736962,0.8864881505699671,2.796885059439333,4.459207504787848,5.102016940772543,5.942144728121143,6.038319914310804,5.833961078534799,5.804759652460248,5.4839362893149755,5.158181863509775,4.657218204614118,4.948575119754004,5.096161360963443,4.420623644433583,3.623304753683236,2.7501968217093733,2.036117299393183,1.6099918410579264,1.0119889277251488,-1.0867785618430332,0.022801086361091905,-0.8304370869680753,-1.4201458160942622,-1.7222801003171,-2.1581763776370337,-2.472827513011353,-0.93163665603997,0.5070974053377668,2.2463823465950057,2.885414893376222,3.7388748587177076,4.155686453230679,3.464806861175468,3.1930247595696812,2.792272608146952,3.252750904849968,3.669057801311503,2.828075437309515,1.7758356324418898,1.041087617237011,-0.04994327423339939,-0.3034913702566655,-0.9267617070880334,1.1628493131305007,-0.7283698436525015,-1.6955795039385961,-2.3630591393877154,-3.380955669943191,-4.627547593141713,-7.243813351594802,-8.20850664295498,-6.60780461355251,-4.448995750338931,-3.346838327812854,-2.5609853779215754,-3.0436422385390713,-3.8382190987891533,-3.726690509288737,-3.3587766247321866,-2.8108677135977302
8.636914326627199,7.636118371764418,7.789024540511953,8.897700733160775,10.2265744816537,10.057783624739578,8.963411848593204,5.954197564211491,3.032016131661038,0.5167429339567704,-2.172317339895706,-2.9869262152304614,3.912006587274398,3.9405504454673803,3.7918490185225053,4.340044729321299,5.117825256504688,7.114468590674541,9.214107988384093,9.869563216091862,9.593614845926766,9.875049497565577,9.682386106074624,9.859091584934866,9.922757448885662,9.66839300145267,9.832291766053942,10.30745430267136,10.502451459634408,8.890141977310236,8.21114110243559,7.140690413877458,6.582917077213075,4.919277170410425,3.7193971014889726,-0.862928792859968,1.8615160456848017,1.0345869395396434,0.9511566316256932,1.3452905752280486,2.941687668329088,4.637802501652388,5.5593168565208515,5.333340636373293,5.898207797931683,6.494028888154254,7.142862711119513,6.520987697244223,6.265105096282539,6.209567627377332,5.624981090991604,5.997191028541003,5.7979956112298225,4.887399991238382,4.935979792252084,4.3420540408241095,3.3124240446071553,2.6564397158854334,2.4732123600556832,3.561417535500645,4.378144168990495,3.013594272127996,0.852877203423354,0.6968729063302348,-0.042013037457863334,-0.7140891665494067,0.24622963373100504,2.7849885924714783,4.168030257864771,4.224232551121631,4.493751127635377,4.89166902340741,4.263882736169819,3.7806901380238287,3.787559509510608,5.073975604296535,5.884219141357526,5.67155430805407,4.490445663861699,3.7006115455272166,2.6954923278708094,1.7777510072036549,0.38598192553967436,-1.6422217762329865,-1.9182643646055197,-2.223226249535564,-2.6917379829681707,-3.0017657769414186,-4.159337454766209,-6.857866901432132,-8.159928135217285,-7.0801961869084025,-5.5268208099559075,-4.740163052794841,-3.4884634805640147,-2.964418850896095,-3.23782141114971,-3.125493821326792,-2.7082549054575935,-1.6894139662982752
8.124686334987317,7.36570603747321,7.118638461413454,7.585072398731121,7.832556339321869,7.468061329163611,6.812526979768279,5.595777247964747,4.459454744329705,3.1289031150480184,1.8439795288867842,-5.3103781945365185,3.2277856760121963,2.976200915309441,3.6068426546575765,3.798535032479549,3.4208702515337635,5.413380188629404,6.39799196304957,6.070941981821747,5.630898501326676,6.074022379272741,5.197590296383801,4.955832084119564,5.154786510050549,5.5011469618493365,5.4773173629707514,5.786671877240302,5.164343043571435,4.144583674080067,3.655757945330386,3.139991299914705,2.620571034516182,2.5214363884185005,2.2157570041650985,-0.05310122168106801,1.2653278055250041,1.1932004244641305,1.4993455794794528,1.474792350134841,2.3630603456536505,4.2512118702709145,5.546454919142576,5.880830050242672,5.227778466702517,4.725218640388093,4.281126662634755,4.242175827885774,3.989207772246516,3.386766376267339,3.499517278900825,3.763741725695283,4.166865242075396,3.7070638699097387,3.0789011825159207,2.430135143469208,1.3158016391951932,0.35863296308421866,-0.17399391323808544,0.8375464443910303,0.4139458323425984,-0.15888627819851564,-0.5956423333690424,-0.6747740333027181,-0.9544453549080814,-1.810171738529668,-1.8751277108254243,-1.0114077545226579,0.35937597433742496,0.1577398218667838,0.004719132247885227,0.32476568178221754,-0.3075454919302132,-0.37475289132631673,0.419182529905207,1.8714146594210845,2.382892296868846,1.6911188414364489,1.2335309157571146,1.3417272578474382,0.9428847026046228,0.427047975980237,-0.41516784398877604,1.386474598312013,0.449959869540109,-0.12063005044481656,-0.008290100801211508,-0.2958465451571257,-0.6118896064470434,-2.160580565347537,-2.1547406925483727,-0.8478717220185104,1.361913428779765,3.3745609782565182,5.003965518742838,5.446039308442927,4.022715490939795,3.2903768631721064,2.184311733556477,3.6561466322996736
11.892241385286361,10.74079756362228,10.467306848049162,10.242890343655766,12.39946183783455,12.239929896957975,11.61007770752785,9.00773088825926,5.8225606775564245,3.326466647016275,0.6300393579752566,-3.062549656514811,-2.6776036353543446,-3.221764898422279,-3.320600002387998,-2.769314634221054,-0.9040796695057551,4.624494951287367,7.715316689371598,8.42742317244533,8.510585867286117,9.709306871285207,10.627333356383119,9.74122547613105,8.979383493478785,6.543524708940943,6.535226692475298,7.076504497949983,8.321961672685475,7.440619700236944,8.223794433673312,5.080440544606596,4.15012412600813,0.5998616560229522,-2.614211432095111,-4.29052089294067,-3.870164083843953,-4.812270438891822,-4.789214510809117,-4.472637077496813,-2.897306637079879,2.159772372701319,6.15085488414897,8.304511486938608,7.989605169732769,7.725284456805795,8.124378398676328,7.441566181979084,6.156079073319958,5.488831402987493,5.554952634108112,5.745395087139805,6.220124838704159,6.055495791638073,4.711334214314718,2.068869950279293,-0.02391758698569646,-1.417358158341436,-3.478208776144861,-1.6974692067342758,-0.7250325294763798,-1.1422823461479865,-1.1621262995376611,-1.5320342274284258,-2.7890925635799277,-4.493146619511016,-4.527410220125269,-3.8416682781874556,-2.5430309729737886,-1.930988476432546,-1.7523475046101922,-1.9456802738727745,-0.3632637084479171,-0.8634784101731228,-0.9825828352199864,-0.19544856832094837,0.35383237421715563,-0.1525203863996225,-0.8436302425316953,-1.5026335764013368,-1.4835888490885552,-1.5127455691896685,-1.9702659231536543,-5.263126561515556,-2.0853164933115593,-2.1278430267373167,-2.2371779559757456,-1.8007257185441574,-1.9765354761566627,-2.4927705574969394,-2.8254946151917437,-2.1215649875259928,-1.3726671064004066,-0.5842688320063871,-0.4971459107151617,-0.590992456417446,-1.3213656777553808,-0.8924192103790745,-0.6274381132106086,0.4969069213175601
6.939903471841156,6.009903471841156,5.756653471841155,6.648153471841155,10.32490347184116,10.837153471841162,9.806653471841159,7.629903471841168,5.268403471841168,3.190403471841158,-0.042596528158838964,-9.363863851875998,-4.7080439040502995,-5.6164591897657345,-6.053824624571206,-4.4069887669337575,-2.3960426611152528,2.6408218359839637,5.874602883724158,9.378928034582813,7.660829635379393,8.883189315930174,9.2306859487095,10.90056254463019,9.1576683586894,9.213671454279833,7.480725311615203,7.6305343039746205,8.599715690773117,7.560913100157762,7.172727219798624,5.2110803793401175,2.7890962966898414,1.766722810590423,-0.03234132476820406,-3.609733513376142,0.5888844033973086,1.3308494549434968,1.3342981294409668,1.0160031382121062,2.5854581476889678,4.152665639212749,5.886721511979772,6.655786994656069,5.9096871377551565,6.376133924468782,5.352034914528822,4.549622426507959,4.701328975238006,4.024838796527014,3.799690235428727,4.291681768071783,5.244500167510864,4.485950651279985,3.9897491108911822,3.0134901648381742,2.018893436725257,0.3015037122482269,-0.7403711508648811,-3.9274024527604894,-1.6556895882615805,-1.7333815415426415,-1.7607524124365455,-2.1064849423604173,-2.9943598851704962,-4.746331284486644,-5.792112421794151,-4.98880312609559,-3.468095526100761,-3.0115309344616037,-2.0960734796930396,-3.0865240845882482,-5.714437295723293,-5.469970360873944,-4.095841270677447,-3.2817582618517136,-1.1291036056082149,-1.9309479584720322,-2.8256282587637145,-3.101597799708685,-2.828276620954732,-3.1228701081353094,-3.5296499241437544,-6.779623798083655,-7.295247199961466,-10.860446603584641,-7.279603821740871,-7.229939033085117,-8.705101010604302,-11.252531752481431,-11.847327035077079,-9.623948023543775,-8.695033988477078,-8.093193967015758,-5.7321102094918714,-5.9567345038813855,-6.629621376699113,-7.506955270184726,-6.400764270245361,-5.95169916399383
8.528407996577947,7.592681668482335,9.015758759613803,8.80617276393155,9.843506228220846,11.060450370709304,9.986630359390041,8.092743103718838,5.873062773428728,4.484034251205344,2.3596477821944504,-0.9698550466494922,2.4492409794485397,2.0798762095995045,2.2156894007862675,2.6947300566336665,3.6520135205853634,5.748795918621077,8.042659024242433,8.43991126838344,8.33864108961491,8.50120151208263,8.985030936537122,8.949305601769233,8.980520962061924,8.167575840914026,7.0876516202513855,7.169072531942945,7.043650030774863,8.179350843765192,7.569632983252497,7.072350242616331,6.410603359859884,5.052664697454794,4.1395435232615725,-6.252472414305032,-4.892276172167705,-6.254858673232192,-6.1453327482313185,-4.265645361544308,-2.2375420212312847,1.5266441830293047,4.137804195345417,6.359133637796418,5.754055759556934,8.014070977891414,6.387136103395733,6.153411456615153,4.749014969075226,3.1252779070911245,2.385022339496537,2.2499846984328897,3.1179721595156877,4.228482949049408,3.5553587496999057,2.5450331984120425,-0.811753718869177,-2.4620630049000596,-4.96818083386912,-2.2108053348900043,-1.1305734452234617,-1.826157098850942,-1.4730879492327347,-1.2673497675301135,-2.5566680444766874,-2.8065108805834242,-2.6737964304020423,-1.6063433927344093,-0.2880373261861138,0.29621055730353874,0.8594292962015544,1.4225448959812468,1.0048336651334324,0.389975595207396,-0.48868272377603006,-0.6183979572063194,0.13518121468359112,1.0480613796288694,0.11405090899098269,-0.688271353988398,-0.7929733207755163,-1.008607940483003,-2.0819953303311465,-3.1398214197623986,-1.6760524577826175,35.24176200169225,-1.3347457195282004,-1.545379611329281,-0.7268245200978498,1.704090559254901,3.8574933381186014,5.511523208920167,6.6458227903813025,7.439228259360206,8.049718634625577,8.014289246208989,7.084593698178722,6.107599920397668,6.072360476451337,6.495592680726297
8.10745504422514,6.376396098609405,5.521791579500388,6.033315270827913,6.933544667447563,9.530594079991687,9.752566266910279,6.939953019725259,3.7565524425547565,0.7025015035519218,-2.0644788918447077,3.9992010312822615,4.359167808717494,3.719652886837906,3.735639251399064,3.804525526802607,4.060764456735171,3.7658434929221656,4.762434271402483,5.773399731166073,6.462630224161785,6.21691658870153,6.13951199725534,6.141084076137226,7.812317716789202,7.793561160718703,7.43430677567833,7.378087700574696,7.049872887931649,7.438838438823801,6.260788319473001,4.91759234952648,3.816449467652518,2.9002263349714568,1.652523634718193,-2.6049252835094308,3.797774318728365,3.324793153707624,3.3554153764604564,4.49344043566694,5.659632761043554,7.420370521339116,9.526333147565637,10.404746582910299,11.16346319865923,11.374677107744517,11.727711925315667,10.69351137100415,10.538381551135608,9.442060601920488,8.502348253561863,8.288048995604044,9.509980138593399,9.956088059435423,8.326235691895349,5.966551516146474,4.427553131409496,3.4071014692085058,2.4088241598589235,0.0874437888514521,0.6052213812519582,-0.25144305744345274,-0.5848438903940476,-0.40253197728308976,-0.06813986569816421,-0.21958152356054228,0.21709245789138976,0.9540780414087564,2.781437344717631,4.181042722958345,4.985695936547948,4.673235634054848,3.8935382267607324,3.2507169974246395,1.3002693128630938,1.0008231682671749,1.6182764394102662,4.502835387846325,3.703500008687108,1.5926194106323877,0.514812780948894,-0.2560696624725125,-2.0063258396127495,2.1874357624651566,-1.6747312493219582,-1.1498996450861654,-1.0758714811197194,-1.2395914028638018,-2.541467639250513,-5.227207596439939,-5.715854006839422,-4.665359817938004,-3.036569946031065,-1.6621910741519486,-0.45227616026028983,0.25740163205508537,-0.76518145899594,-1.4901738567937102,-2.1503108375723556,-1.6422311752791927
8.712594285524055,7.767681486897665,7.1273892466295905,6.978983461575545,7.394730271154302,8.862960129896372,10.736548696000824,6.978922563905812,3.0952349212654653,-0.5450945630132722,-3.5884860032548076,-6.242044012019306,-3.5695829623079476,-4.938997955492894,-5.592717625118752,-5.35929545260889,-2.010492925667201,4.562786798109215,8.425106480716899,9.647317819322339,10.351467547386278,11.13512742965461,11.73383036402516,11.284930730905629,10.803867157842532,9.632190444654448,9.058745158386934,6.693349194915498,6.324788580682863,6.995752764318759,6.817334356807585,5.425090297172602,3.2405312807902718,0.29810159890347876,-2.547164370484303,-6.715001287180755,-6.569446524322913,-7.813708140826286,-6.506879437475185,-6.1223160925366855,-3.448605368254235,1.8968920435283607,6.477104124866443,8.310998098345294,8.756297994717109,8.302694615560107,8.891038827708051,7.85480396600807,6.8663021694747925,6.966935134253376,5.767742746413802,5.224291077268859,5.458512104051579,8.255474417664828,6.90600833817161,3.603020320023795,0.5233087378110852,-2.410364545139828,-4.746237344072952,-1.2919126743542932,-3.4129170500314103,-3.2786567022489663,-3.505971157530908,-4.723181360627329,-4.148145274672075,-2.386623303714032,-0.5032721596133314,2.949253886691089,5.421997011391497,6.487507056408319,7.642329431951232,7.456143522835127,5.698252929063344,4.804479505393623,3.7124760953489186,3.097865212595231,4.660775830342715,5.840897851415164,5.787955457082013,3.6404889490406873,1.8087358386923782,0.0930894042153696,-1.7332170796683357,0.2812344790616734,-2.075992589614181,-1.161057578304586,-1.1962643054320878,-1.7256901321022724,-2.904643415268275,-3.739296687980435,-4.307242045503905,-3.560845756750993,-3.4027249180184,-2.546990626987082,-1.7220719691135002,-0.7280667086071659,-1.6721165280082673,-2.242133365849618,-2.2681176160662915,-3.0958571731260704
9.374424041626838,8.776924041626842,8.019924041626837,7.997924041626824,8.636174041626838,10.530174041626843,11.95167404162683,9.131924041626831,5.25717404162684,0.7846740416268432,-3.478325958373162,-3.045675534863058,1.5584436676613862,1.5368366360001815,1.3095304827146919,1.9543424951387536,3.4788990409887717,6.422786075014187,8.582487111020825,9.302633980878412,8.243073105442953,8.165471811608626,8.582298584772353,7.857298113821045,7.489692301846155,7.853511137143748,8.174928579516823,7.989666544010035,7.377054526124304,6.378915382761775,7.639831110764163,6.5999413627430386,4.766556638010357,3.1482676862693353,1.887197309883149,-2.457668058792102,2.199049831283361,1.9446163750037044,2.2076052952985705,2.7338447983060163,4.479663199469599,7.482689667048369,8.819344223127246,8.793060507081897,8.107249076979627,7.511639321892034,6.152570899937345,5.323797035152488,6.13687437044176,6.15347198464579,5.830620476443734,5.190296087829104,5.000832662083674,5.347085814234774,6.553633525854764,5.454147581092627,3.3930685631815365,1.8049416292597869,1.2970474324689718,-3.7517974523444977,-0.3621877299957603,-1.1252590320568814,-1.7844489794432832,-1.7167858383716919,-2.5929308719401973,-3.545099114714226,-3.5146299983336604,-2.320499860560467,-2.425473311720104,-0.9364640031617455,-1.4940496413589557,-1.87970635737139,-2.2072482849404267,-3.0483076876326436,-2.5970628998509824,-2.6295930776847527,-2.4276600998835605,-1.1967332974567313,-0.9610402404057368,-1.9412115141206172,-2.9946036101188795,-3.3050951461847404,-4.212675643654862,-0.6227056751921083,-1.3379597446319522,-2.196567524650739,-2.795729652296693,-3.558569497931444,-3.1270064905233497,-2.064451844599354,-0.06522485211139184,2.19018505188572,4.421887984848361,6.199853344403365,7.712455828211482,7.239568538163333,6.504297881166998,5.349138058484861,4.858924007499716,5.5272229251384175
7.668142725749668,7.192222884528775,7.071717846443335,6.800574963882767,8.054613526758402,8.584585368177223,10.136929700119211,8.475946450660743,6.126042203497718,3.533648123996464,1.5684030442402914,-2.9446798561938863,1.859223908329291,1.1425879257332099,1.2565303519783697,1.6350745488597624,3.2332756412017076,6.089998025882998,7.67057659854278,7.678624369316033,7.094172896203261,7.147953284846196,6.592248223734465,6.040509736484552,6.317026399772935,6.268529158188386,5.754810272901473,5.510727248942274,6.85702830412113,7.059618986027168,7.958036979594162,5.701643121803848,4.150616510303308,2.401682016283722,1.2036851356224147,-6.817758352822459,-0.15187267752886413,-0.5899712034838771,-0.41624128863107757,0.3024764426242257,1.4022370783765084,3.484029607455767,5.0089441247768605,5.642922575128679,5.04764793295741,5.191784828865444,5.121823866866045,4.813347904877126,3.5615603066882144,3.047320391701028,3.733994143060052,4.418817019431941,4.770673970810002,4.903644843009346,5.880362119946675,3.9685209986430223,2.858625642305668,2.1789722828295552,1.434941886254876,2.0707376985637325,1.3135824689323883,0.8059981321589191,0.43053510253835725,0.10325227566850259,-0.3678468274669484,-1.5393249088950185,-1.2977918853042993,-0.4033098641312094,0.4042972573255028,0.7984549471311482,0.6896149189424605,-0.10018965974593641,-0.8091246897015196,-1.3083785539936343,-1.2032129914939702,-0.9475480109369272,-0.44498491230842774,0.5598476176951692,0.9658893549756371,-0.3749988837841798,-0.9877779458283413,-1.619574075426982,-2.4129791362299855,-2.002954671249725,-1.8979709707655417,-4.951937267145226,-2.551394445128409,-2.619089534427488,-2.4541585653665834,-2.5892824415856524,-2.7585337702641297,-2.2056679903753675,-1.8395291586341145,-1.4720723732134502,-1.223683257210574,-1.6381408714429568,-1.9555247955979098,-2.325148288150345,-2.2158505607943226,-2.9190603235826345
8.135686642056129,6.909831641486932,5.825049228467954,5.4396762050264655,5.446013014656529,6.919991176292683,8.19635038539753,6.93777060729775,4.290834588256331,0.5579350134371595,-2.084665099626733,-5.1665238622745235,2.0920845867560303,2.0123388787247265,2.2689149629366057,2.365500179380092,3.1262676701791676,5.02552764245484,6.132973294174832,5.507306754503148,5.495869730134693,6.226379549820997,6.110087684046732,6.243508893733264,6.709378924723666,6.212626713333961,6.608217840204169,6.330523751988963,5.614272108135786,4.418581911712444,6.3747463224449135,5.816750337224633,4.4532688446380035,2.750288340364328,1.2798762586438244,-4.369728408066642,0.8085282864875794,0.5929343795572777,0.4152569124180019,0.44460923425268817,0.8194601296226622,2.6795477708288544,4.5290532968212815,5.069308480520377,5.821031956940757,5.914523901813119,5.768106010539768,6.497099097003819,6.840249559200075,4.843455428913664,4.61654666185629,3.6774158101540024,3.7830225500657093,3.6796795949624865,3.6879903023091387,1.7149009083273583,1.1278171241511714,-0.9063313688249082,-2.0269526442840586,-3.34281597905386,-3.264345372287501,-3.5684662631989497,-4.302434226652146,-5.04693604199705,-5.436249062365086,-5.721024544301187,-5.889659539326665,-4.704037681751686,-3.1412163751991145,-3.0762716515884705,-3.01944468209345,-3.2665144850280896,-2.5262437497007824,-2.637925249102743,-3.076414390549111,-3.0727925685894206,-2.5633124424846727,-1.6615911444617595,-1.1962324756293654,-1.9769301778842419,-3.2180926617813412,-3.6158137799493772,-4.098815542247735,0.07898997161652943,-2.254209980758759,-2.962021272609249,-3.311666892339595,-3.649062381734794,-4.654882431782589,-6.264461673973592,-6.735002612149394,-6.179535962267174,-4.575666574588084,-3.7250859905977904,-3.118868281774745,-3.347922427526491,-4.238595199204745,-4.836321864121487,-4.651083554374985,-4.253181076568495
11.681456660460967,9.987021440700723,9.324412661066695,8.660040269082508,8.787962839770096,9.119785243227092,8.845214692610078,7.7316845731062855,4.614715947286598,1.5365647388837118,-1.4654168012147295,-4.219637920016517,3.1870461931329785,2.948048533367839,2.592650750546113,2.7841545057314505,3.525562927455894,6.4775550859500015,7.464397500822223,7.236056773787247,6.554085182691566,6.1865423315119585,6.115403501503977,5.824409953928253,5.673107971496542,5.164951464533289,5.094429244558263,4.887837923036216,4.835624669939676,4.549832778252039,5.149135656163622,4.970660837889554,2.9679437280504715,2.229387975156591,1.5280692938387617,-4.740845471254929,-1.7896855684326667,-2.332719633484203,-2.0859676216916867,-2.729527105627298,0.48373142894635635,3.613300555923715,5.895437817085451,6.741594034122365,6.727615782250993,6.067128257886544,5.3503236721998775,4.681352086416133,3.588636143293364,2.9236594259640967,3.967599845385898,3.789588893415491,4.5996418437620505,4.751555859623025,3.913667881095158,4.001129641321221,2.0132348134546874,0.023689278969271754,-1.361928957549189,0.7378762652850739,-0.6877081310575193,-1.5980658650196062,-1.9936023858299947,-2.263800496861336,-2.411263952925168,-1.7276907276848306,-1.002018866026809,1.0308103191462337,1.6856138674029069,2.8844440012471537,3.7628564179321202,2.882993188747328,1.6179578058023836,1.0693408748847943,1.4453619607529617,1.102149480723952,1.6453397548711877,2.274427820610512,2.6357261348378103,2.02391419701474,0.15096027625550335,-1.0778118502239593,-2.609588352376065,-1.3672130625581147,-1.9324606134349267,-2.092788840945502,-2.3832749685776804,-2.7423397250513943,-3.4702720033393533,-4.006902990640171,-4.434550247261932,-2.4117240561745703,0.03956141393497603,1.3085002714323721,2.243672186385801,2.0226917105205686,0.996858160009964,0.3807710093589378,0.11978604029258122,0.5791512020215492
8.27555877834255,7.148352902728938,6.350742411492455,5.477091338649586,6.158897081408945,6.773180154122109,7.2428016775175195,6.757975902282688,3.8298234856323035,0.17231491289822998,-3.439543305557841,-0.7732232196528201,1.4804472261478736,1.2965092671555922,1.1068377852049878,1.4802681095246442,2.608051325287761,5.938546519882351,7.6159429791837425,8.21615360455747,8.119490929109894,7.864408974354966,8.007680581184488,7.973139650908649,9.33533210173863,8.850242654388644,8.853882002938889,8.50039107655978,8.689834944258422,8.879327569979786,8.711464025916897,9.135178315473041,7.736597131602203,5.894661051586276,4.232581520181718,-5.242895059281928,0.16681394876707856,-0.3286745194592271,0.6645971870694538,-0.02810300927332321,1.0560742608311031,5.011117015969418,6.057529330891661,8.371700910841852,7.325506345950295,7.1962134228259345,7.104621376609828,6.990272762312237,7.371797174299942,6.3497978657363845,5.971742143589303,5.295886194050148,5.4353708273715995,5.333074318553429,5.284460613916551,5.211272251474043,3.552456998203361,1.7307351894158884,0.3363236386135071,0.9754764823192801,0.7913692697785493,-0.2822159392000856,-1.522078173772563,-1.232448610769346,-1.9577879324334475,-2.036906374661122,-1.015793464185613,1.430905048329464,3.5606166164480726,4.122119893569895,4.4656762495218985,4.059553836478486,3.8083805456106603,2.7382595703347477,2.051481722872552,2.4562711244670723,2.8366531572515825,3.61986227121195,3.446991173475894,3.737493934800348,2.2278145242685667,0.8317492920853127,-0.6439952012416583,0.28851916008935774,-0.8469721582993017,-2.4366096660279553,-2.8010200223930184,-3.3011871646951363,-4.34293611157684,-5.298270342549621,-4.112233066696611,-1.5694605682688163,1.3775973653586107,2.2551691279191246,3.4881749386507224,2.779328937957061,2.9050280293841126,1.7462817017756578,1.4895949809445739,1.9267352557437079
6.965905930839263,6.353041371730306,5.437001998187277,5.190484186267369,5.101691733816359,5.582497574293839,5.615463954120315,5.159143119914596,3.1835627662406694,0.8543493187203524,-1.7375572866029998,-1.3075376991396652,-0.338959124348996,-0.5164598125921387,-0.06288292862026168,0.05818345785669976,1.2745531229511755,3.938353072903226,4.722100960928216,4.76338939484603,4.667666450437693,3.9100186492293005,3.617240904406536,4.475293117849034,5.872067769767341,6.027901227815114,4.884685544854513,4.543493310162091,4.821477703329627,4.784745641313947,4.940168735513041,5.136147817132269,4.140341202475895,3.2919746297538808,2.8810175353693097,0.6333392163837317,0.4981330592425124,1.0030736472406545,0.8300005765613676,0.5037694913371809,0.5736355968912434,1.148643677408245,0.9957444206376707,0.7403705070448297,0.4612565572653793,0.6276427560043345,0.48243899302828197,0.15014794938571185,-0.010715720082373537,0.5615475531366485,-0.17674944075166366,-0.27833748196869124,-0.11079176889386133,-0.05917581547255679,-0.06226519369707262,0.4186213532928136,-0.6551553788324611,-0.8228896672716743,-0.5251120753929754,1.716924308863753,-0.528337534557842,-0.6974155862865388,-1.2265671216870473,-1.4067356880167878,-1.2443932150267898,-2.164490391641394,-2.755401727882287,-2.440505997006653,-1.8360010649188254,-1.3676596503595988,-1.3453402695874246,-1.543496256168254,-1.9381803118465584,-1.9921679666432652,-2.015824802381843,-2.171621817040375,-1.5222192757290713,-1.4951927981437407,-0.9142024402382916,-0.6045780224272193,-1.120141231325512,-1.5203065741043105,-1.4688848912160495,0.17452435930479737,-0.9183406832067789,-1.0878022975260393,-1.1382389042503007,-1.128518090393115,-0.9161082210030429,-1.0069333384908887,-1.1565795759518807,-1.085580496161569,-0.3899611085166441,0.058553925548579855,-0.36893767979812253,-0.6675079987156423,-0.5027996801145207,-0.38530646566678683,-0.2065195487558924,0.12984027416050026
8.855447346179929,8.447786974279325,7.613370998549662,7.582635188055576,7.87434843262934,7.3507453878694875,6.95571978704546,6.687596058763525,5.358326710989168,3.20960314067068,1.1465403822204578,-3.3687805187251243,1.016953639087511,0.7852644600987588,0.9503678087727252,1.0196763496983507,1.7176683345620916,3.8385982591964662,4.921777918400267,5.5231027150308805,5.977017149812326,6.597460167975271,6.7570171272984325,7.8668391775745405,9.542573699943055,8.718083827911599,7.675600316480157,6.71074728943605,5.527922746480236,5.438137042223623,5.241433461686107,4.814018882328632,3.3839761357513964,1.7117249605465403,0.9445846986805719,-1.7939557908999575,1.943838753838179,2.4349424164948417,2.6453870232457106,3.504764811705435,4.585622995832779,6.229098284585298,7.048036334766735,7.994435416381812,8.786831593940057,9.729437749512023,10.252199147713583,9.66904889059657,9.68006422433065,8.85958916649573,7.214405997573806,6.546305829495857,6.431268209069373,5.574030670306854,4.604124285517884,4.12853898633945,2.6707056155587807,1.0754671791759662,0.17564473931388846,-2.5920576917971516,-1.5713125397398855,-1.911482804206976,-2.4810538380154696,-2.7626833480663535,-2.194600338004996,-2.109489537348871,-0.9068568454254233,0.9090037605328405,3.039198004025941,4.317613921838387,5.391676923697531,4.956840155979478,3.84885172799774,2.5829102068725334,2.48315711792781,1.200080080842369,1.5276033809712786,1.6919505861685877,1.360272211013374,-0.003239096243980555,-0.8754212910078962,-2.433596915672112,-3.5358335096560936,0.10365869571482733,-2.6468699398456863,-2.5987253954569667,-2.8745254244517966,-3.257377279701082,-3.7688958785559166,-5.243498515877121,-5.515366096828423,-4.76710332364749,-3.5370868809402296,-2.459527005013868,-1.0835256540107707,-1.451508591633342,-3.3945557935522643,-3.969421086105463,-3.173498414148213,-1.6371290976860777
8.742666057895818,7.7682349121993255,7.274985813927046,6.530593858897149,6.96327803295484,6.834034211928589,5.8900457653675815,4.700823882848049,3.436581690091465,0.8398122576457041,-2.0860378591377824,-5.511373880113851,-1.0808701189360619,-2.1155896040624995,-0.7396452421647126,-0.7275173153570549,0.3371683842267501,3.1805200229672295,5.489701801056967,7.135783402322339,7.800598160032166,8.500588327690004,8.680463558117438,8.94666142005417,9.752796524400388,8.187297848070166,7.32002485844388,6.83435857364092,6.467784967515911,7.764676148108919,7.18456418031014,6.588577447213986,5.997339068049683,3.369580148404893,1.1012185182788983,-3.818921932206358,-1.2364788625360177,-1.5173958841560733,-1.6602949411313688,-1.2938176633086584,0.32114006282144913,3.9580800404553003,6.211879825516007,7.904382353647513,7.8523114151161835,8.407378444503827,8.54560217518052,7.272329153125391,7.077514208414506,6.380457664338017,6.17220367625896,6.356183620874063,6.763443949665138,6.433094076439815,5.934295909078983,5.1038083843887705,3.85924595945788,2.004308207008876,-0.10777582664281482,-1.923331671503675,0.4024223926884787,-0.3193559204002767,-0.7906429195821687,-0.7545415688551884,-1.2937014491428442,-2.64201570953054,-2.587210626462415,-1.62452501186781,-0.01301484673540898,0.8536627372855037,1.252107913167407,1.0064484170307324,1.9597843128540333,0.9799753476205595,1.6037604995637267,2.0691260694886253,2.026810779151859,1.2554664584858912,1.2110849763423701,0.6613458541308148,-0.3187141804549114,-0.929499779076643,-1.3416184597314782,-0.0016683911838626386,-1.412905748062009,-1.9835175417957842,-2.3790040864205295,-2.590757649421306,-3.1803296342919936,-4.666052709857119,-4.451991934211485,-2.7923953315931556,-1.418482692244936,-0.7300334172165392,0.1422166330746677,0.2556710369097104,1.1252668570496809,0.5716978419941512,0.32111720843222,0.5807974706796273
8.952020915147259,7.055520915147255,6.236770915147261,5.649020915147261,6.273770915147267,6.458020915147259,5.477270915147258,3.3855209151472607,2.598770915147263,-0.7212290848527374,-3.8757290848527504,0.4486389833851874,0.1945359019726567,0.1470220851620212,-0.01447711463839596,0.1742197750147625,1.0410090724064034,1.7951003400859804,2.3728717610266017,2.2789731882810997,1.539383289141604,1.2127594352203275,1.117943397933125,0.5900655097567054,-0.06953769389840403,0.19637375431951654,0.20706084472590902,0.05013102824181459,-0.1543752805592007,0.15093269227401152,0.04947897236896637,0.03291527450189591,0.3075792885108868,-0.7651991171785895,-1.0443267549781012,-6.102410388914592,-6.88146206793715,-7.921921745701553,-7.969129969113574,-7.467037679468376,-5.178585139421045,-0.7355870828436366,2.9763323806720905,6.086142741132107,6.799715849848155,7.4759438682011705,7.795387057767421,7.024289654505004,5.760313447178788,4.643599785964277,4.019167655934737,4.245692521768788,4.101695272925667,4.079050418329423,3.7809601773334762,2.4105276699883404,1.269216391037098,-1.4913623614622153,-3.6746253148484627,-0.4649499111361095,-0.8314177229082134,-0.6237317404716123,-0.5851496404830456,-0.4391434621965402,-0.4729595432671587,-1.0981104228569762,-1.1885901598231783,-1.0107629180204043,-0.379059086713994,-0.2119803296968712,-0.41430607359420435,0.007103461748222628,0.7311625488419509,1.2555125839278674,1.0571774694355227,0.2933797179050259,-0.28767864845168134,0.4557220752944602,0.1797797628974891,0.17044458299610454,0.5978551511941035,0.0715190711638769,-0.20344185878618504,0.3691691654615994,0.5174014978216874,-0.3520658827689829,-0.7492565067332464,-1.241515727744492,-1.2290502921904434,-1.6976706713933538,-0.7845908179793781,0.49507479023709067,1.7585369139912643,2.5585402348974284,3.3724497440646317,2.9282075557502267,4.209453852921733,3.216938869943661,3.277263897700223,2.783365895789977
10.83700390791099,9.602753907910994,9.106253907910997,7.564253907910995,6.707753907910991,6.092003907910993,5.419253907910992,3.6752539079109923,1.3877539079109908,-0.7062460920890032,-4.053496092089006,-4.9242433938290375,-2.3214310063251204,-2.6877035884624263,-1.5568412450340858,-2.025705666057064,0.05121272468858962,4.636167108397238,6.381319109616435,8.096403441366299,8.005125789565568,9.068675018256044,9.816872525610236,9.353736357178313,8.460656191311664,7.2356994593424275,6.132255458654562,6.20260569551963,7.01343023373407,6.781040583174104,6.5672018769879585,4.549766286454606,3.2942750913140486,1.3311107469775934,-1.0899392009217266,-1.7561500457044659,-1.7991639324213367,-2.279162277104774,-2.2776032049384227,-2.468783895732521,-2.1940207025438525,-3.1138557251891896,-2.8860419487311617,-2.599523909701851,-1.6936862937100088,-1.4487665133987235,-1.6306950280625472,-1.849143147180385,-1.9684698014444777,-1.998090463555485,-1.594056637503705,-2.248859449120836,-2.582217237607807,-2.3217081845369734,-2.2975178506905607,-2.744134175744037,-2.4610218835576063,-2.6441397057083975,-2.315496216736946,-2.0754088290294135,-2.454789658050565,-2.5834049109853012,-2.569866864951024,-2.522840131838663,-2.138184192249952,-2.2626125811122577,-2.6259169254394266,-2.609152386873916,-2.736196471708574,-2.9625640585172803,-2.642843343257468,-2.1720150587171148,-2.0273736081866573,-2.1729405555196806,-2.222404104913842,-1.7933002225769101,-1.573072887863475,-1.4642418326279412,-1.6109631722692654,-1.8735033391818092,-1.9697331113204157,-2.3790850509979933,-2.3419163222932085,-2.3784510475541865,-2.8049217602675256,-2.6055131666149407,-2.4434570331833,-2.765566352057739,-3.261271733586227,-4.654928803773878,-5.433488627916084,-5.542972339895137,-4.50873003860471,-3.2873437516367616,-2.7511289109096495,-1.745847907051683,-0.9679003603600052,-0.8968239364927015,-0.7308033433599164,-0.4895652426146171
8.484781633864586,7.3945909498652185,7.026243916225198,6.785787776012725,6.580919720636302,5.984559570563945,5.55518565458997,4.331384804053691,3.6627448607831923,1.4266678019772172,-0.7499663966131394,-5.636125181094677,0.3121525638793301,0.1261778080392446,0.05890557994841572,0.4123240670449704,1.3757930542903907,2.747132641141583,3.9371956237484156,4.281579289854008,4.7658507806709665,5.474845886220734,5.533215820110186,5.018079548067206,4.717460561145323,4.771560891447038,4.497551969293696,3.7457020854135834,3.8176099924800866,3.0514721434096828,2.05519379769558,1.193636981277315,1.0277096187791628,0.11664073538109676,-0.6031102360141887,-3.4849644009771623,1.1518759543928567,1.0268097512847376,1.3978457595801572,1.6797619392255783,2.771880482448509,4.596242197203274,6.387420683216689,7.581093187256002,7.561628638426846,7.62285477653878,7.420070081823184,6.595192842932505,5.480324018724602,5.606208141300208,4.942000784314594,3.9942859787503195,3.9087102954427166,3.2859432502670316,2.3885528724843113,1.5439095593187204,1.1824964787695507,0.44087043042421925,-0.5754354131890906,0.9241580254076638,-1.9397091804240816,-2.4182811149950965,-2.720391658751545,-2.9337363234747755,-3.3645354936427267,-4.87717499292048,-4.756841162869527,-3.701878975277012,-2.4385779750548267,-2.0682460667840985,-1.4750473065192224,-1.3629925617009633,-2.4563520067847477,-2.8517469705112504,-2.1297766741292747,-1.860268586918039,-1.9457569527205152,-1.997290741893174,-2.030176722346198,-2.767428598013481,-2.5727409288627285,-2.64174843855735,-3.0351829959013656,-2.000424962242626,-2.9614159259424895,-3.4984691286483027,-3.875107955454979,-4.076888187731456,-4.46995038794325,-6.016678831366953,-6.317110445240324,-5.564132351992612,-4.025744814292757,-3.154295451994585,-1.9898473043291318,-2.243959748423066,-2.7474967212762706,-3.383502539061638,-3.6993291591236144,-4.116818885316661
7.756270451448586,6.4507723572709,6.20940433893734,5.5658852152233536,5.414629315304239,5.230480515242995,5.257572181876647,3.5783719358515853,2.0027115439947067,0.06585430789472468,-2.5530838388699095,-6.393014387027776,-3.705033245741447,-3.5907810252891608,-4.351795273158402,-3.305330250345442,-2.8402223926651615,-0.1070306768199103,2.341560781024441,3.2772361484562254,4.0733255847152705,4.587055644071533,5.344439387498802,5.864653076941593,4.999856094300384,4.190611164283908,3.3085536976787253,2.943155733552942,3.0623108382826416,3.094114297675688,2.2903223389696734,1.364515822096962,0.5073953978236005,-0.8274936235439014,-2.358750692690869,-5.90868897882698,-1.493683774655274,-1.702948393356813,-1.7159068472275578,-1.418172419366158,-1.3207762205110356,-0.7649814693493369,-0.6067344497719205,-0.08095438991119863,0.6241973293447174,0.6123787246280585,0.4731641325631557,0.4565574871211666,0.3945364155019391,-0.545907877802648,-0.06106554491736205,0.3388924745107005,-0.5354441414290179,-0.9192129977910213,-1.2956305465998597,-1.9273121388094694,-1.9759651757054257,-2.245562910329788,-2.5644828976834333,-1.97807569858346,-1.7397044434289057,-2.0040286115246246,-2.5635967661600745,-3.112657285843362,-4.446456482929555,-6.57912227766991,-7.044537465203412,-6.273439530060024,-5.489041439682147,-4.673164938685581,-4.421363264145278,-5.399170010609929,-6.298676020806425,-6.426654533923319,-6.149058051488794,-5.899197015329079,-5.5668406043766865,-5.3767434881521226,-5.461569774420028,-5.335219478848572,-4.896508595080277,-5.026320987354445,-4.845330198349366,-2.927729349103977,-2.4575795363757322,-2.4902810045286827,-3.1434787296156728,-2.779493952538992,-3.3911175210976197,-3.7925880020643916,-2.8000710368721187,-1.5394657388514261,0.35148201679042756,1.3742855035598183,2.123388837597041,2.4775688032749557,2.0181392555023763,1.9642297598662282,1.8327698727446773,2.1251313056320598
9.780392425247548,8.927945419025654,8.732220048894533,8.042001998623078,7.409056896632343,7.885485819742527,7.040333085152739,4.985629316853988,3.441581847423926,1.5488819481958416,-1.9236859680987095,-7.84119085228965,-5.659723229409451,-6.10913775817086,-5.921577333747656,-4.880079201619047,-4.030802460037947,0.07460236269354681,3.054607821148892,5.318053986626403,6.229815718422778,7.01617870292835,8.394083419574855,8.068958269009748,8.128360418601538,7.885553479854451,7.233884746844659,6.211731236565974,6.324414488200894,6.45472751255258,5.452937512707123,3.356306352661157,2.2266062616777376,1.233656301178172,-1.0471649346092704,-3.895713217627133,-1.316130996462995,-1.6746139700306202,-1.0174092950037803,-1.7146396772828325,-0.3707408260171192,2.1428476568288772,5.5408195455522105,6.947637368604383,6.634010536217474,6.8495605987214745,7.903874538536876,7.7066149859236575,6.501273252673208,4.347754495184418,4.114354933435081,3.2267050928338463,3.648766132045978,3.4037912104955907,3.0837257542964096,1.8609833555190676,0.8543146664402173,-0.8630151550230991,-1.5088668687402063,1.668399539618882,-0.20334671979639296,-0.7196974556403788,-0.8418575054539161,-1.3295267283103982,-2.5023118299800373,-3.853190236624627,-3.9735950417725547,-2.873587605844641,-1.6879134289595328,-0.7103295093153648,1.4121008909464976,1.5043733225693359,1.6198647371807624,-0.38284020062253177,-1.1894233626272808,-1.3102331950736499,-1.7864782963677328,-1.1233542622633692,-0.8685998769528709,-1.1321378798037216,-1.5762538154956403,-0.3554600815890794,-1.5092085828991486,-0.6701277939487582,-1.345338548475489,-1.9786177108687113,-2.519638713716006,-2.9686352703709744,-3.2510952822413373,-4.560846489235381,-3.9838429909330344,-2.664530700586184,-0.36344481024190856,0.45787283796835254,0.9950637157506748,1.0701468860273806,1.5264788618358125,1.030426163135843,0.4950482500918483,0.21507432369523372
8.664008891594605,7.434947047457904,6.26989738383466,5.878396989892842,6.060444216681596,6.370465400559816,6.1571058991007135,3.7477301459794106,1.8220771095752184,0.7596500585164847,-2.8307965274695093,2.924509024776846,1.9044985406560357,1.7104636443675147,1.8757325762245074,1.605726310434484,1.3586593462169532,1.2443299913203276,1.1151234520307582,0.7940012651272852,-0.04701400005275502,-0.7304298632234918,-0.9971937435684168,-1.1340081979593464,-0.8663481444440819,-0.8958835506159772,-0.9412974254924933,-0.3096313056514646,-0.8206666093388506,-0.9908729893424848,-0.966651795304351,-0.7651196338468793,-1.0951216533865988,-0.6344948544086932,-0.3865525549135782,0.2336750684286386,0.5640013816060687,0.32988172365789836,0.40146850926569044,0.17916261032428338,0.11468905542670171,0.6551004445006896,1.2536860081147907,1.9708865430632656,1.8099831989089168,1.7674734119975,1.8904724757756952,1.8583490277832482,1.2274032637415075,0.9171952833457269,0.6799652971379118,0.9977637174616731,0.6997698035393896,0.4789708887218964,0.33533444727468975,-0.13319690173630505,-0.5079860630317228,-0.009692428866515002,-0.1689885189373328,1.334804002883665,-0.5806655993322494,-0.9005218239666206,-1.1836546003627575,-1.4168047415162235,-2.2244062010479055,-3.006299932778326,-3.2987183125557493,-3.202604455725073,-1.8812748889039526,-2.2678778124255814,-2.6473189223268676,-2.782472639836776,-3.2538121911948963,-3.3325234420780276,-3.091374133564962,-2.6678774496051787,-2.4801993526232238,-2.261753105267182,-2.721114329374174,-2.9457425715171084,-2.668943515562816,-1.9915774916451099,-1.6079813604172983,2.3549310465173576,-0.6134562859041282,-1.0764207795848932,-1.708042292475028,-1.7081268952160258,-2.8649177661220193,-4.012681987661082,-3.896507235507812,-3.287186896870459,-2.5151574726082657,-1.9268792156657994,-1.5807437095449401,-1.5370628924904253,-2.0590420824478315,-1.8982081637926598,-1.377571519405926,-0.8779670481267843
4.028600870498352,4.039516882628469,3.627560140142073,3.877612022669723,3.8647530093937164,3.408239275789974,3.2792137766441556,2.914074718867546,2.54400370067993,2.1235587386504235,1.7246406257270124,1.7254563476268814,1.1237074496961128,0.8691523562744479,0.8183537353180839,1.5540138196609092,2.6789826446245044,5.338943287889627,6.947704386942718,7.653960510776301,8.26763228161417,7.9695225421675175,7.632898673386293,7.835616354050174,8.227531329912466,7.6006169179544045,7.104011554054203,7.104151962333113,6.6449202411677675,6.369269707539736,5.721152594112489,5.281234828824772,4.164313510568569,3.301169727908018,2.8827942479448723,-3.281128491614325,2.0872286002565446,1.6805015857649366,2.114451475939184,2.2490416724710727,2.4872575099029604,3.7332266982552653,4.853565162298757,5.013174705485078,5.168089774009047,5.514276351581962,5.528526793258678,4.742555946382467,3.958100043899819,2.912631915377972,2.766678292053861,2.838464374428746,2.7103010704032897,2.5460058760801445,1.8910746370635962,1.2145718597910147,0.5115830048945753,0.22265741807355965,-0.0753200363516342,0.21147718232931112,-1.2086016007403089,-1.4595816899094984,-1.7893852551675238,-1.9300561427738359,-1.9274867230440265,-2.1821598390525665,-2.4479986593302883,-2.3625494378208742,-1.8051476586784005,-0.9694051956587586,-0.42187392926018674,-0.4884672150554863,-0.9268576887225493,-1.3198074785029377,-1.41822475632123,-1.5444501248299929,-1.4960936778144855,-1.4487208659661732,-1.6527675829733184,-2.148901100542851,-2.6208809195493714,-2.4771886347242713,-2.509742590739279,-1.1032621334098138,-1.790004426131162,-1.821422766200243,-1.8392540656483547,-2.688526726914624,-3.6629004418600672,-5.442091365828091,-5.985326749969417,-5.773084970958848,-5.478952068817293,-5.208218727370308,-4.807783474986174,-5.241911283989651,-5.279780911803336,-6.162132838686617,-6.013347386279925,-5.137461427522261
9.880494613271061,9.398521245188391,9.25762156957969,8.407652331687643,8.349336397072328,7.440211873384513,7.110359573539007,5.811076124304307,4.33021841170401,3.280851873066368,1.225951088235611,3.866237421370535,2.4627794905950324,2.454101003415964,2.8911995916554716,3.491502560817345,4.271390033588851,5.930326048594452,7.406940649868261,8.453881098230973,8.507176467194867,8.485939872622083,9.030510699758608,9.41227316232704,10.61451735576027,9.873623599921814,9.46103154021116,8.629324932664453,8.718610335577168,8.225216944491713,7.186784687268286,4.838793083088028,3.24226094709703,2.536276506887468,2.215962642241635,-4.867476310629016,1.892938961190282,1.4117022019921137,1.350309167998546,1.1970587957715964,1.9722860872186345,4.2169379889014635,5.749466879516071,6.2256629225869204,6.224962706456608,6.56377359705575,6.480608974954919,6.25486711195154,5.795025846689825,4.967051395151515,4.511489698508697,4.462290280317305,4.385409658771046,4.129720019377054,3.5730633079711396,2.4156994392919486,1.473573159940642,0.9165557722506534,0.4272992088373897,0.9919907786523368,0.0881905197061954,-0.7129502091205708,-1.3187540116793102,-1.6832907054695028,-2.580556947899261,-4.137610280651053,-4.615808206509065,-3.7359923422192836,-3.1128739783688744,-2.449218284143086,-1.895667233489668,-1.978646190262559,-2.36044340656116,-2.8672694013700806,-2.980256047968659,-2.658747826044767,-2.6203301868411657,-2.9064959061233324,-3.287594301554435,-3.360348665723855,-3.7439986361003648,-3.479459370311524,-3.0426676952967853,-0.6132175259306933,-1.561359350661192,-1.7871049071750917,-1.8660350707322095,-0.7847642903797549,-2.753041068869109,-2.9902465689081197,-2.433839344916187,-1.8830221848224795,-1.2223030026250257,-0.5207069640743782,0.15373307678176218,0.06429012871908668,-0.23217335261369954,-1.025420875305116,-1.3939599898655572,-1.2805220095213485
7.191351430944032,7.127338009674297,6.536677470991059,5.519996416585812,5.230570210709608,5.500914736313945,5.034469335334059,4.045163834930527,2.3574910472338573,0.4784140866734461,-1.9581322399389265,1.2425736406047676,2.470839357778999,2.193559381960881,2.2010842329508264,2.3787702794608663,3.892539838677017,7.8289292027568465,10.711224240994795,11.247099567162628,10.956990341759692,10.797038025553888,11.299894654209524,11.18439059741862,11.031625265156471,10.653332902935674,10.081588131274565,9.60881498396489,9.001356879022772,8.784651376223785,8.997809763109949,8.58808790647226,7.520486785478141,5.8070002428329275,4.506724991852387,-4.336612904419113,1.963279095777871,1.8932729448808914,2.497058595340164,2.3116355223756315,2.809703205525011,4.932584944499091,6.369184641346635,6.719490365952254,6.294673882314662,6.238734232528927,6.310482290196774,5.951924966617263,5.75100731222912,5.154305179457644,5.290119873632001,5.257891605992377,4.67933784938527,4.255973991847732,4.09229154961271,3.2999032920921962,2.362881202331046,1.799465232791249,1.3320273167954397,0.37049216768754434,0.8931559459366198,0.08121716557850078,-0.2495939771837783,-0.6841193571526532,-1.3386760242725657,-1.305907438873696,-0.2049512963722151,1.1821605407946123,2.2260509506410813,2.9683352695049905,3.096384472527248,2.2605723121010968,1.3882992630809596,0.8987398212283111,0.911855738617632,0.7768833706517668,0.9291006113690159,1.2573057692711913,1.2304871655877037,0.5215555440402326,0.434948051259191,0.258269929427712,-0.2195703368395172,-0.2826885493268776,-0.4349695329223451,-1.2203997400440727,-1.7393844524254547,-5.171944554013436,-2.578229901311822,-2.991319227435845,-2.186746103163742,-0.26362429711583246,1.2387495174862906,2.2330194381211115,2.4224850623811776,2.7218887078815825,1.8872620082205032,2.1458757033210105,1.9301665666447505,2.3161848984729687
8.7364511135479,7.170922781538394,6.769596331518301,5.461754931984899,5.518926703239721,5.632055040428547,5.100010479868153,2.7218029654068303,0.6943895372422233,-0.9604832858042656,-4.014019113599431,-7.004978354579258,-3.3295195418526973,-5.096332213038245,-4.366158883732972,-6.198921695999573,-6.178756533982167,-7.28921092096158,-7.0670886526677705,-6.1222834222928455,-5.319808600315575,-4.537975852824978,-4.205334824947009,-4.426669139537509,-4.845838897547189,-5.343920948687732,-5.353815891249347,-4.620927412735625,-4.884624968946923,-4.260069669235101,-4.918396590271975,-5.660191543792564,-5.492461516489826,-5.533569826938752,-6.813134470608212,-10.782711064412013,-3.0228714046693597,-3.141870274446106,-3.31293274067923,-3.339741429548795,-2.620616480640578,-1.6787020970920423,-1.416101547476714,-1.0137949797509123,-0.7767994035760069,-0.9556997645888927,-0.6554045541721365,-0.24177017460458927,-0.3186472159157816,0.12362645185884702,0.22871657865219674,0.4619689959727111,0.4347832531356275,0.5467156211092643,0.21670856645501146,0.22249279827506285,0.29199991245786805,0.36682765356101754,-0.16802325508262328,-0.16339355108402742,-0.3782213859459347,-1.0962131540620916,-1.5190942829189638,-1.7615495007600686,-2.323798581837501,-2.1370086170607863,-1.5583742521610446,-0.33819805403057046,0.9927504996197527,1.7038863758516953,1.3152790214830006,0.769397695405786,2.161024998826818,2.04118769227032,2.1411514674345113,2.20899162962413,2.3820852681279945,3.083729172418913,2.769541343457597,2.2792592151157223,1.9103556166648161,1.9006151491513634,1.1295467588002168,2.422523210785762,-0.41686508034414516,-0.29937204753034763,-1.121967114494801,-1.7249038000057766,-2.658839288798191,-2.478045898992576,-1.6144415482952041,-0.1948523595795848,0.9500919712157128,1.4682006526693954,1.198283688516213,0.668693504704919,1.742855959136996,1.5468890027357176,1.555617058889986,2.3168608125795345
6.0024018137573805,5.154321917870064,4.895511119653712,5.2811886199489635,5.369546378144413,5.503252504818505,5.756083201625636,5.553738380162905,4.454083889277285,3.6677777297471224,2.0199290298532375,-2.763565006221583,0.22164976816418402,0.231780423134758,0.43316816762869337,0.5193172877098817,-0.03125709881796013,0.5278634741072139,0.7483541682826029,0.29072083916732794,-0.49485636416236645,-0.6824214033690197,-1.3290111383764085,-1.0187009502411968,-1.0531049668263464,-1.373366419511882,-1.2186367923100931,-1.2013211168000169,-0.4884867460646376,-0.9024379220209582,-0.4737417462360938,-0.17708615549783246,-0.1871944147378315,0.2826406072171821,0.24356363393460612,-2.936610756344791,-0.10737059293425943,-0.3503187705947042,-0.7672305324629605,-0.7428472080215727,-0.7319151496672376,0.27681793980445235,1.5669907266322483,2.2972760687915468,2.3525395812532395,2.045059742549931,1.7004673268018777,1.3464311346171058,1.1529796365025433,1.0184163781496451,0.8286786943356574,0.5426824780659416,0.05509934395946914,-0.06240980142001007,-0.2863936837023573,-0.6768779306169606,-1.1642413461885255,-1.882136929190537,-2.30686618428782,-0.026136923211325325,-1.4259148914828046,-1.6099765092798535,-1.874855471506855,-1.9875127251357227,-2.8374971496835073,-3.900488626990807,-3.9682405299229444,-3.4340247282793044,-3.002527968735258,-3.0263998412552837,-3.2237830017974787,-3.2697376433453513,-3.9430115997530137,-3.9655177091487133,-4.15506693705764,-4.235631604622107,-4.116650357068323,-4.125884401840224,-4.0885659084666415,-3.8605006821294836,-3.79638535425466,-3.742803023209369,-3.950068981172919,-1.4623476470644263,-2.32424683724377,-2.4975708517884456,-2.84231281475698,-3.0563151589545896,-3.0339620406844716,-3.157689958288735,-2.571411214885927,-1.9802137957686767,-1.9269886633246358,-2.0141660992361494,-2.1743907247159058,-2.40375565819253,-2.378390952276092,-2.2349632782156093,-2.3859293819704916,-2.7270383098600774
6.990579142845121,6.547049712065551,6.052574671383773,5.3121876400026835,5.884538178709725,6.2604313184356,5.7163987974516175,4.791192581815054,3.5417268616680033,2.157061096291251,0.15394246332860462,-7.410708206835579,-3.457316446751861,-4.033269686889881,-3.684809448577873,-3.3934573631317235,-1.8087565811529913,1.4069554907619661,3.8271949369406855,4.965034091813905,3.8566623983342225,4.202757669667257,4.285814718082044,3.9417245566344334,3.969340004126181,3.456095825020739,2.984845211689361,2.660229279550265,2.16005515893427,2.471580203114385,2.398713387765987,1.3545933302036346,0.635717650965546,-0.10153546831691784,-1.8367584007356896,-7.277901383337472,-0.8043414569905423,-1.4497103961420663,-0.60251684516588,0.051914679875011416,0.13183288401210547,1.6109549453260357,3.7303212549329388,4.068049692099272,3.317301215014581,2.756040053503014,4.021762171136764,3.6026253471765415,3.2397914418844636,1.8901083201042397,1.9056396398549467,1.8568845556298257,0.941035827539551,-0.24917754880801368,-0.6010834957888846,-0.6646058170177795,-1.4670121894043575,-1.6969407502007385,-2.1418160183729285,-3.37348046586677,-1.9464527419078408,-3.1379005545199448,-3.2116895635654927,-3.8850919644259676,-4.653742085139683,-5.232923945482142,-4.23081143557593,-2.4403718086076154,-2.3473186490116973,-2.231458979586698,-2.287836097881275,-2.4991406551706845,-3.201565997280433,-3.822089761798395,-4.279314121877206,-4.595018206287641,-4.637155171872223,-4.511075603579776,-4.504418099250067,-4.37741491276487,-4.431151201107362,-4.13852357382946,-4.824790806779163,-3.078821589869797,-4.180877741009482,-4.511790397316354,-4.544829726037328,-5.339702542969427,-6.671299026250296,-8.442945795452808,-7.96562408848343,-7.329779807803966,-6.912268004749393,-6.703942602430182,-6.1353742135649085,-6.525756550814613,-6.930437008704004,-7.311957994032809,-7.662129495612007,-7.163936587167669
9.329674061808277,7.778146022013324,6.668719452763774,5.537842513728641,4.992706114101445,4.721063174473912,4.235848625214075,3.1660860765024594,1.7296929350182424,-0.1540625200092336,-2.0589967368116433,2.7624655130873137,-1.3296747628168077,-1.3008885723647765,-2.5602893559826327,-2.5749519193918147,-4.637685023968984,-7.846190550176679,-9.170647685461816,-7.3492456718554635,-6.375840636190219,-6.119933203701848,-6.159780469493491,-6.061522757232574,-5.496532387879455,-6.325622790876821,-7.081887022339785,-6.424333038312149,-5.915104784888534,-5.15516234941758,-4.377369991358471,-3.7792397063515253,-5.007175712025308,-6.081599608093121,-5.074082782171992,-11.125913494755437,-4.503449532208158,-4.784446015231751,-4.981356397219628,-4.559039421279969,-4.393596362472451,-3.879182794458494,-2.882313922121014,-1.8018495205656109,-1.7670942668423066,-1.747808011286736,-0.8766351111992492,-0.6808326702748175,-1.2525849887832834,-1.5229891433251552,-1.6990340805747337,-1.446018696838074,-1.043890099008351,-0.5705180977298454,-0.5005996029671778,-0.543693301504824,-1.042327163407009,-1.8105324610892524,-2.4729076745690577,-5.9381683499677465,-3.8016103392943705,-3.958996163297819,-4.104446718481121,-4.357252031787262,-4.69090361094073,-5.101206337587101,-4.932797268678641,-4.355215293046783,-3.666418795828619,-2.5686425970387674,-2.1469719782156176,-2.3275723975893783,-2.9369973532617664,-3.5364417388909644,-3.6460784092433087,-3.384088486208647,-3.2282644002613807,-2.677323150691535,-2.960867161548336,-3.3333391897999007,-3.4051465933801595,-3.2575082402053965,-3.6177358035965526,-0.734514204605972,-2.4139166139349584,-2.8626748213933197,-3.6484432716333544,-4.136554069652696,-4.884978507016108,-6.409446795716548,-6.801958824160209,-5.586868672241991,-4.413470802626307,-2.6566558619666907,-1.461507540828677,-1.5122063486916772,-2.607675016175726,-3.5841183451724774,-3.759017466501767,-3.520338921121933
10.560573184264982,9.542573717979053,8.381403269938183,7.2227191422641255,7.095071048653182,7.041684965984814,6.454372868830873,4.8823500212767,3.6245403827903857,0.7788516649350825,-2.1340189965188685,-6.188557245416241,-5.923333614215586,-6.801278369813659,-5.900189686764698,-5.295365396656244,-4.09007614553618,0.5383452000356144,3.8063953313595036,5.569587860950108,6.949603487976724,7.841832901971877,8.063066077737773,7.608693105275023,7.095492929457841,6.301548985891664,5.654516800107999,5.206793030479112,5.555531286530204,5.50019844580406,4.447012453380154,3.0212421832549623,1.4358690815024673,-0.7860066073324816,-3.1154778145725075,-6.81011245993983,-5.350187745910873,-6.437258091489809,-6.62796694338126,-5.514716001090932,-3.53455825811389,-0.8606233957152156,1.9672718288504214,3.752813525163454,4.2400693830618295,5.928555299378715,5.641022508617468,4.486904439750745,3.489764544686537,3.633320527109049,3.869203992594066,3.039804701507059,2.415460130922625,2.430383647015013,1.1750849210879366,-0.035181057505873525,-0.5826667387287401,-1.5609733013266407,-4.2858814948494555,-3.868964348095055,-3.6693252916832364,-5.113457186537495,-5.3395817810661725,-5.097978934335586,-5.1929462415467,-5.324564314068326,-3.953928271386708,-1.996276338074935,-0.3042919036141001,0.6621220601409235,0.885039586126382,0.7381873812452255,0.6527834694228574,0.2268847259831972,-0.6503397649644427,-0.6951315405370764,-0.8315667266638087,-0.1325459747752049,-0.27970452578721705,-0.7760570259573782,-2.047850464194333,-2.760061670656917,-4.135752602923141,-1.6127095324675054,-2.768188151639052,-3.1656668188015473,-3.4841598757397136,-3.970063445718857,-4.881123494022468,-6.877392807037985,-7.211572150739762,-6.730622594356717,-5.8313954432241175,-5.302815451367401,-4.6336391439335145,-4.4754227390679375,-3.5133294277225033,-4.256595331081662,-4.628815794074228,-4.81178271949323
5.79475913457042,5.49125913457042,4.653009134570404,3.913509134570404,3.738759134570415,4.48225913457042,4.922509134570404,4.208259134570405,3.108009134570416,-0.5487408654295791,-4.892990865429596,3.2410678592162157,0.46097116476533984,0.26719742030113025,0.3062794239405733,0.8189547805302979,1.7860979782249728,3.743146661169291,4.780316023243465,5.3971617960433065,4.6023129840290125,4.067240212751258,3.864754931810424,3.5000334525288537,4.623486654224948,3.7243086621655195,3.818804852225881,3.436274412353754,3.5147206131932407,4.506775747492455,5.565269412365858,5.561791041515853,6.0695024196337215,4.412260049720885,3.21602179726775,0.284022702806233,2.981366935119574,2.7158403029909906,2.38241956783709,2.726754451367171,4.42381431385197,6.888712099559605,8.1231398129448,8.854778026769964,8.518524261137813,7.505874619984034,5.987800235209896,6.075081701723384,6.9124866241618435,6.825689013555028,6.085635020568965,6.098322312428877,7.749691728049378,7.593831939171636,7.295849798144083,6.119066089710316,4.908955761557493,2.7669687227753883,2.107250886004799,2.783773826704369,2.7256855065907644,1.98657600638969,1.5050661469426956,1.0420905224708221,0.6766041000925824,-0.35633216347834207,-0.1734879888113383,0.5330710062040751,1.0133905178788538,1.2248749395192533,1.0971364404459152,0.8864310555710659,1.4882931698055373,0.9574028809154314,1.2484205238467325,1.5437171142229076,1.8962086244279988,1.7720026214568847,1.783885400178555,0.9357206186918248,1.1910920322871164,0.7114114980320281,-0.06123165583373691,-4.186096857916034,-0.8882011797632146,-1.382696972431951,-1.661920535632781,-1.985260169516522,-2.5938950535752667,-3.579454381088034,-3.5819866953354804,-2.546264125605063,-1.6090026973786493,-1.2036929965728689,-1.9481621263483717,-2.138726460844353,-0.9459726262002661,-0.4045180013896541,0.22647735811736425,1.161063941333012
7.735451781002965,6.671616677235399,6.15403597285065,6.133791094934864,6.446325941880467,6.427442766961327,6.001637652212473,5.012141569689675,4.814685940429442,2.7468756750396324,0.858431300222982,-6.721706871651236,-3.3972454734492885,-3.441551205198415,-2.831219166328026,-3.5288595096512623,-1.664399371895115,3.192529572369942,5.200398962514015,6.125046122675073,6.247124010043592,5.669112598468303,5.688453913649049,5.5665663030132535,5.26089750159484,4.8665036116070866,4.0374437847122095,2.9319174824939864,3.5904856212109806,3.498129361704123,3.2978384829966956,2.8635375010064337,2.2564669184210473,0.19218021159015564,-1.6759300041728196,-6.103900763204699,-2.5188750372838626,-2.9720946925828784,-4.094227629450188,-2.3218508772215927,-0.24463153046598052,4.526102519735396,7.26457900342745,9.15762965328802,8.472948802517521,10.252631132893704,9.825364609959571,9.108205705484437,7.791032386234072,6.690862814415624,6.138127424978435,5.546292469690044,5.049178786586786,4.678731874485159,4.129557819954705,2.915428972493217,1.8816874475722116,0.5653272582072759,-1.707041351059523,-0.7287507469925103,-1.0587603276252864,-2.1304173135517672,-2.142113279774719,-2.4082216717861797,-2.757181770105838,-3.1909310414755225,-2.5311469101170516,-1.3520817019199924,0.5332624808347433,1.2558351196605102,0.9231265087934943,0.14943262415583547,-0.4828804337022845,-1.1758500183268694,-1.2621010959362593,-1.702843725021765,-1.3953623683485432,-1.0247164610529964,-0.9866959187294455,-0.38893876907135194,-0.03001341913918054,-0.32914958248386483,-1.2215185634262724,1.6034866346235788,-0.5082058970038901,-1.019546836697664,-1.7207743432772773,-2.036160970317802,-1.973027323659167,-2.17673739589803,-1.4276477253873807,0.3158715701528507,1.8157459172563932,2.8514348792731425,3.529970761539502,3.3111392927126175,1.532169726734999,0.21983095621881432,-0.13463560147402376,-0.32515172361866007
8.458547846834684,7.27957559006736,6.414750526023688,5.791644309529971,6.153547144658923,6.104200736965076,7.266279143180078,6.3141544406538515,4.73628310275155,2.5153278708753604,0.14408719873254228,-6.205133840704242,-1.3588665220775908,-1.449222499482829,-1.1681033787418116,-1.4180759937731011,0.5261305317441156,3.35685271215074,5.128699427581758,6.364120019770965,5.483635281147436,6.080279873047218,6.640470729636036,7.808280056776766,7.328776331835556,6.622895330784324,5.970670177865536,5.8134596123626,5.682178574053957,5.625923832841288,4.434967378156486,3.748093526691285,3.125590762111308,2.3344078786567763,1.1259621492878722,-1.8919677178292105,2.9227342422634663,2.3385902962612732,3.40530594391668,4.041950374952201,5.1007990376709955,8.868858683253762,10.464683866796861,10.498140874149193,9.676907367622704,8.967142361570161,8.46054221498175,8.089334894099316,7.256878465239325,6.777585983821325,6.750753154377108,6.332975748063781,6.419241168761239,5.130393429418589,4.199047017265926,3.5519025118214387,3.927463478397698,3.0855246002174894,1.5753431056840839,-3.7680595839994737,-2.3670537832516985,-4.121065701416114,-5.06714456210738,-5.340925737672464,-5.151205667825231,-5.854938824278221,-4.316880360736185,-2.188745364205481,-0.8480453436622142,-0.5336132567752685,0.4971401755496956,-1.053651159966492,-1.7327103344879191,-2.0677277875079554,-1.5483989944051046,-1.7003048708622828,-1.4729529106189077,-0.5408381045249939,-0.6334470905441023,-1.0190590448556023,-1.2426123408310517,-2.6245060712158264,-3.83192368212206,-0.780248188027528,-1.451929433519311,-2.2271114452213823,-2.7879280964607602,-2.928315220918684,-3.0337134136237722,-3.406116487427454,-2.7400725356473856,-0.6778805010271611,0.13910944657315838,0.598997648819001,2.2559590378300456,2.280400684186084,0.6653555201951278,-0.2801170727792268,-0.7615213153971041,-0.8898076644638309
10.60235661806459,8.413606618064591,6.521106618064593,5.35685661806459,5.7181066180645885,6.083606618064593,7.174106618064599,5.952606618064593,2.973106618064598,-0.8611433819354062,-4.498393381935394,-1.93920139055016,0.6309791587780751,1.274260933176933,1.5269286362339116,1.9696748791050283,3.09281769902762,6.2010385498156,8.060021528561784,9.048485733041325,9.287299061340676,10.626138015104708,9.757389481223385,8.613046707689016,9.987976772357172,7.790394549380416,7.592777251625087,7.2453394389680525,7.681074544439056,7.187826099675647,7.22840447526675,7.3355260184888,6.217361084434501,4.342027316844266,3.2218692284460744,2.3381757428088434,1.1007228695307845,0.9074564434155334,0.8069730567418887,2.0214258119720867,3.6777723935424547,6.891344574897865,9.371081619883142,9.71094701656338,9.663728149833084,9.268308861389357,9.006795804866456,9.12603886671608,8.26118890043621,6.854431039312075,6.560432640897673,6.589366564747721,6.635284246775527,6.310582772616499,6.252081432967124,5.902559763276628,5.0723845959321,3.8245385228110607,3.2084623493539226,2.6624401588003437,1.5770544502188812,0.801400474623172,0.4165870660280575,0.24729322035797452,0.147372816325678,-0.060242761349030616,0.580648668113561,2.1350269349109112,4.1120995427477425,4.749794305951369,5.974351617766949,5.868474477388887,4.407139241957957,3.8121461583956275,3.5298321867025066,4.064217700842093,4.631460915308885,5.305919471956301,4.854645555872587,4.37161512673287,3.1247251148795456,2.2611217306248577,1.0708672716848255,2.4047384536018583,0.26595049531304227,-0.7094150285161405,-0.802487827453028,-0.8099033774166671,-1.1039631444745126,-2.3402124701052998,-1.7334247286973508,0.7179598023007756,2.9427862142629095,4.667682835558757,6.54545858357816,6.288108231663131,4.949959773630681,4.0483394286933105,3.8226353599555054,3.7003134100826287
